{
  "bleung@blizzard.com": {
    "bnet_location": [
      32.715736,
      -117.161087
    ],
    "bnet_friends": [
      [
        32.715736,
        -117.161087,
        342.331429,
        -83.045753
      ],
      [
        32.715736,
        -117.161087,
        41.332741,
        -74.356667
      ]
    ],
    "bnet_estimate_date": 20180807
  },
  "qxu@blizzard.com": {
    "bnet_location": [
      33.684567,
      -117.826505
    ],
    "bnet_friends": [
      [
        33.684567,
        -117.826505,
        31.230390,
        121.473702
      ],
      [
        33.684567,
        -117.826505,
        40.712775,
        -74.005973
      ]
    ],
    "bnet_estimate_date": 20180807
  }
}